Player Name,Player Level,Outcome,Ship Name,Ship Level,Ship Strength,Ship XP,Officer One,Officer Two,Officer Three,Hull Health,Hull Health Remaining,Shield Health,Shield Health Remaining,Location,Timestamp
Vohbo,23,VICTORY,NORTH STAR,33,193202,335,Next Gen La Forge,Next Gen Crusher,T'Laan,8642,408,109567,76627,Lahrel,7/18/2022 5:37:24 AM
Swarm Cluster,24,DEFEAT,SWARM CLUSTER,24,191377,0,Swarm Cluster,--,--,235250,0,0,0,Lahrel,7/18/2022 5:37:24 AM

Reward Name,Count
Frequency Modulators,54

Fleet Type,Attack,Defense,Health,Ship Ability,Captain Maneuver,Officer One Ability,Officer Two Ability,Officer Three Ability,Officer Attack Bonus,Damage Per Round,Armour Pierce,Shield Pierce,Accuracy,Critical Chance,Critical Damage,Officer Defense Bonus,Armour,Shield Deflection,Dodge,Officer Health Bonus,Shield Health,Hull Health,Impulse Speed,Warp Range,Warp Speed,Cargo Capacity,Protected Cargo,Mining Bonus
Player Fleet 1,28222,32540,132440,ship_ability_name_{0},Timeless,Rerouting Power,The Dancing Doctor,Objective Defense,1.5,25239,2021,2021,2021,0.12,1.6,2.09,607,2978,2923,1.8,109567,155312,110,32,3.84,10235,0,10.5
Enemy Fleet 1,19557,54195,117625,ship_ability_name_{0},--,--,--,--,0,11233,4140,805,604,0.1,1.5,0,2093,1570,7176,0,0,235250,23,2,2,0,0,1

Round,Battle Event,Type,Attacker Name,Attacker Alliance,Attacker Ship,Attacker - Is Armada?,Target Name,Target Alliance,Target Ship,Target - Is Armada?,Critical Hit?,Hull Damage,Shield Damage,Mitigated Damage,Total Damage,Ability Type,Ability Value,Ability Name,Ability Owner Name,Target Defeated,Target Destroyed,Charging Weapons %
1,1,Officer Ability,Vohbo,Еuropa Astra,NORTH STAR,NO,--,--,NORTH STAR,NO,--,--,--,--,--,Officer,0.15,Timeless,Next Gen La Forge,--,--,--
1,2,Officer Ability,Vohbo,Еuropa Astra,NORTH STAR,NO,--,--,NORTH STAR,NO,--,--,--,--,--,Officer,0.1,The Dancing Doctor,Next Gen Crusher,--,--,--
1,3,Officer Ability,Vohbo,Еuropa Astra,NORTH STAR,NO,--,--,NORTH STAR,NO,--,--,--,--,--,Officer,0.1,Objective Defense,T'Laan,--,--,--
1,4,Attack,Swarm Cluster,--,SWARM CLUSTER,NO,Vohbo,Еuropa Astra,NORTH STAR,NO,YES,392,1569,2253,4214,--,--,--,--,--,--,--
1,5,Attack,Vohbo,Еuropa Astra,NORTH STAR,NO,Swarm Cluster,--,SWARM CLUSTER,NO,YES,15539,0,24289,39828,--,--,--,--,--,--,--
1,6,Attack,Swarm Cluster,--,SWARM CLUSTER,NO,Vohbo,Еuropa Astra,NORTH STAR,NO,NO,266,1062,1525,2853,--,--,--,--,--,--,--
1,7,Charging Weapons,Swarm Cluster,--,SWARM CLUSTER,NO,Swarm Cluster,--,SWARM CLUSTER,NO,--,--,--,--,--,--,--,--,--,--,--,9.09
2,9,Charging Weapons,Swarm Cluster,--,SWARM CLUSTER,NO,Swarm Cluster,--,SWARM CLUSTER,NO,--,--,--,--,--,--,--,--,--,--,--,100
2,10,Attack,Vohbo,Еuropa Astra,NORTH STAR,NO,Swarm Cluster,--,SWARM CLUSTER,NO,NO,8844,0,13824,22668,--,--,--,--,--,--,--
2,11,Charging Weapons,Swarm Cluster,--,SWARM CLUSTER,NO,Swarm Cluster,--,SWARM CLUSTER,NO,--,--,--,--,--,--,--,--,--,--,--,100
2,12,Charging Weapons,Swarm Cluster,--,SWARM CLUSTER,NO,Swarm Cluster,--,SWARM CLUSTER,NO,--,--,--,--,--,--,--,--,--,--,--,18.18
3,14,Attack,Swarm Cluster,--,SWARM CLUSTER,NO,Vohbo,Еuropa Astra,NORTH STAR,NO,YES,423,1692,2429,4544,--,--,--,--,--,--,--
3,15,Attack,Vohbo,Еuropa Astra,NORTH STAR,NO,Swarm Cluster,--,SWARM CLUSTER,NO,NO,9891,0,15461,25352,--,--,--,--,--,--,--
3,16,Attack,Swarm Cluster,--,SWARM CLUSTER,NO,Vohbo,Еuropa Astra,NORTH STAR,NO,NO,267,1068,1533,2868,--,--,--,--,--,--,--
3,17,Charging Weapons,Swarm Cluster,--,SWARM CLUSTER,NO,Swarm Cluster,--,SWARM CLUSTER,NO,--,--,--,--,--,--,--,--,--,--,--,27.27
4,19,Charging Weapons,Swarm Cluster,--,SWARM CLUSTER,NO,Swarm Cluster,--,SWARM CLUSTER,NO,--,--,--,--,--,--,--,--,--,--,--,100
4,20,Attack,Vohbo,Еuropa Astra,NORTH STAR,NO,Swarm Cluster,--,SWARM CLUSTER,NO,YES,14446,0,22581,37027,--,--,--,--,--,--,--
4,21,Charging Weapons,Swarm Cluster,--,SWARM CLUSTER,NO,Swarm Cluster,--,SWARM CLUSTER,NO,--,--,--,--,--,--,--,--,--,--,--,100
4,22,Charging Weapons,Swarm Cluster,--,SWARM CLUSTER,NO,Swarm Cluster,--,SWARM CLUSTER,NO,--,--,--,--,--,--,--,--,--,--,--,36.36
5,24,Attack,Swarm Cluster,--,SWARM CLUSTER,NO,Vohbo,Еuropa Astra,NORTH STAR,NO,NO,281,1125,1615,3021,--,--,--,--,--,--,--
5,25,Attack,Vohbo,Еuropa Astra,NORTH STAR,NO,Swarm Cluster,--,SWARM CLUSTER,NO,NO,9656,0,15094,24750,--,--,--,--,--,--,--
5,26,Attack,Swarm Cluster,--,SWARM CLUSTER,NO,Vohbo,Еuropa Astra,NORTH STAR,NO,NO,238,951,1365,2554,--,--,--,--,--,--,--
5,27,Charging Weapons,Swarm Cluster,--,SWARM CLUSTER,NO,Swarm Cluster,--,SWARM CLUSTER,NO,--,--,--,--,--,--,--,--,--,--,--,45.45
6,29,Charging Weapons,Swarm Cluster,--,SWARM CLUSTER,NO,Swarm Cluster,--,SWARM CLUSTER,NO,--,--,--,--,--,--,--,--,--,--,--,100
6,30,Attack,Vohbo,Еuropa Astra,NORTH STAR,NO,Swarm Cluster,--,SWARM CLUSTER,NO,NO,9807,0,15330,25137,--,--,--,--,--,--,--
6,31,Charging Weapons,Swarm Cluster,--,SWARM CLUSTER,NO,Swarm Cluster,--,SWARM CLUSTER,NO,--,--,--,--,--,--,--,--,--,--,--,100
6,32,Charging Weapons,Swarm Cluster,--,SWARM CLUSTER,NO,Swarm Cluster,--,SWARM CLUSTER,NO,--,--,--,--,--,--,--,--,--,--,--,54.54
7,34,Attack,Swarm Cluster,--,SWARM CLUSTER,NO,Vohbo,Еuropa Astra,NORTH STAR,NO,NO,286,1145,1644,3075,--,--,--,--,--,--,--
7,35,Attack,Vohbo,Еuropa Astra,NORTH STAR,NO,Swarm Cluster,--,SWARM CLUSTER,NO,YES,15566,0,24332,39898,--,--,--,--,--,--,--
7,36,Attack,Swarm Cluster,--,SWARM CLUSTER,NO,Vohbo,Еuropa Astra,NORTH STAR,NO,NO,261,1045,1500,2806,--,--,--,--,--,--,--
7,37,Charging Weapons,Swarm Cluster,--,SWARM CLUSTER,NO,Swarm Cluster,--,SWARM CLUSTER,NO,--,--,--,--,--,--,--,--,--,--,--,63.63
8,39,Charging Weapons,Swarm Cluster,--,SWARM CLUSTER,NO,Swarm Cluster,--,SWARM CLUSTER,NO,--,--,--,--,--,--,--,--,--,--,--,100
8,40,Attack,Vohbo,Еuropa Astra,NORTH STAR,NO,Swarm Cluster,--,SWARM CLUSTER,NO,NO,9796,0,15312,25108,--,--,--,--,--,--,--
8,41,Charging Weapons,Swarm Cluster,--,SWARM CLUSTER,NO,Swarm Cluster,--,SWARM CLUSTER,NO,--,--,--,--,--,--,--,--,--,--,--,100
8,42,Charging Weapons,Swarm Cluster,--,SWARM CLUSTER,NO,Swarm Cluster,--,SWARM CLUSTER,NO,--,--,--,--,--,--,--,--,--,--,--,72.72
9,44,Attack,Swarm Cluster,--,SWARM CLUSTER,NO,Vohbo,Еuropa Astra,NORTH STAR,NO,NO,269,1078,1547,2894,--,--,--,--,--,--,--
9,45,Attack,Vohbo,Еuropa Astra,NORTH STAR,NO,Swarm Cluster,--,SWARM CLUSTER,NO,YES,14058,0,21975,36033,--,--,--,--,--,--,--
9,46,Attack,Swarm Cluster,--,SWARM CLUSTER,NO,Vohbo,Еuropa Astra,NORTH STAR,NO,YES,374,1496,2147,4017,--,--,--,--,--,--,--
9,47,Charging Weapons,Swarm Cluster,--,SWARM CLUSTER,NO,Swarm Cluster,--,SWARM CLUSTER,NO,--,--,--,--,--,--,--,--,--,--,--,81.81
10,49,Charging Weapons,Swarm Cluster,--,SWARM CLUSTER,NO,Swarm Cluster,--,SWARM CLUSTER,NO,--,--,--,--,--,--,--,--,--,--,--,100
10,50,Attack,Vohbo,Еuropa Astra,NORTH STAR,NO,Swarm Cluster,--,SWARM CLUSTER,NO,NO,8728,0,13643,22371,--,--,--,--,--,--,--
10,51,Charging Weapons,Swarm Cluster,--,SWARM CLUSTER,NO,Swarm Cluster,--,SWARM CLUSTER,NO,--,--,--,--,--,--,--,--,--,--,--,100
10,52,Charging Weapons,Swarm Cluster,--,SWARM CLUSTER,NO,Swarm Cluster,--,SWARM CLUSTER,NO,--,--,--,--,--,--,--,--,--,--,--,90.9
11,54,Attack,Swarm Cluster,--,SWARM CLUSTER,NO,Vohbo,Еuropa Astra,NORTH STAR,NO,YES,362,1447,2078,3887,--,--,--,--,--,--,--
11,55,Attack,Vohbo,Еuropa Astra,NORTH STAR,NO,Swarm Cluster,--,SWARM CLUSTER,NO,NO,9757,0,15251,25008,--,--,--,--,--,--,--
11,56,Attack,Swarm Cluster,--,SWARM CLUSTER,NO,Vohbo,Еuropa Astra,NORTH STAR,NO,NO,281,1124,1614,3019,--,--,--,--,--,--,--
11,57,Charging Weapons,Swarm Cluster,--,SWARM CLUSTER,NO,Swarm Cluster,--,SWARM CLUSTER,NO,--,--,--,--,--,--,--,--,--,--,--,100
12,59,Charging Weapons,Swarm Cluster,--,SWARM CLUSTER,NO,Swarm Cluster,--,SWARM CLUSTER,NO,--,--,--,--,--,--,--,--,--,--,--,100
12,60,Attack,Vohbo,Еuropa Astra,NORTH STAR,NO,Swarm Cluster,--,SWARM CLUSTER,NO,NO,9423,0,14729,24152,--,--,--,--,--,--,--
12,61,Charging Weapons,Swarm Cluster,--,SWARM CLUSTER,NO,Swarm Cluster,--,SWARM CLUSTER,NO,--,--,--,--,--,--,--,--,--,--,--,100
12,62,Attack,Swarm Cluster,--,SWARM CLUSTER,NO,Vohbo,Еuropa Astra,NORTH STAR,NO,NO,1682,6728,9661,18071,--,--,--,--,--,--,--
13,64,Attack,Swarm Cluster,--,SWARM CLUSTER,NO,Vohbo,Еuropa Astra,NORTH STAR,NO,NO,246,985,1415,2646,--,--,--,--,--,--,--
13,65,Attack,Vohbo,Еuropa Astra,NORTH STAR,NO,Swarm Cluster,--,SWARM CLUSTER,NO,NO,9140,0,14287,23427,--,--,--,--,--,--,--
13,66,Attack,Swarm Cluster,--,SWARM CLUSTER,NO,Vohbo,Еuropa Astra,NORTH STAR,NO,NO,285,1141,1638,3064,--,--,--,--,--,--,--
13,67,Charging Weapons,Swarm Cluster,--,SWARM CLUSTER,NO,Swarm Cluster,--,SWARM CLUSTER,NO,--,--,--,--,--,--,--,--,--,--,--,9.09
14,69,Charging Weapons,Swarm Cluster,--,SWARM CLUSTER,NO,Swarm Cluster,--,SWARM CLUSTER,NO,--,--,--,--,--,--,--,--,--,--,--,100
14,70,Attack,Vohbo,Еuropa Astra,NORTH STAR,NO,Swarm Cluster,--,SWARM CLUSTER,NO,YES,15869,0,24806,40675,--,--,--,--,--,--,--
14,71,Charging Weapons,Swarm Cluster,--,SWARM CLUSTER,NO,Swarm Cluster,--,SWARM CLUSTER,NO,--,--,--,--,--,--,--,--,--,--,--,100
14,72,Charging Weapons,Swarm Cluster,--,SWARM CLUSTER,NO,Swarm Cluster,--,SWARM CLUSTER,NO,--,--,--,--,--,--,--,--,--,--,--,18.18
15,74,Attack,Swarm Cluster,--,SWARM CLUSTER,NO,Vohbo,Еuropa Astra,NORTH STAR,NO,YES,366,1463,2101,3930,--,--,--,--,--,--,--
15,75,Attack,Vohbo,Еuropa Astra,NORTH STAR,NO,Swarm Cluster,--,SWARM CLUSTER,NO,NO,9716,0,15187,24903,--,--,--,--,--,--,--
15,76,Attack,Swarm Cluster,--,SWARM CLUSTER,NO,Vohbo,Еuropa Astra,NORTH STAR,NO,YES,384,1536,2206,4126,--,--,--,--,--,--,--
15,77,Charging Weapons,Swarm Cluster,--,SWARM CLUSTER,NO,Swarm Cluster,--,SWARM CLUSTER,NO,--,--,--,--,--,--,--,--,--,--,--,27.27
16,79,Charging Weapons,Swarm Cluster,--,SWARM CLUSTER,NO,Swarm Cluster,--,SWARM CLUSTER,NO,--,--,--,--,--,--,--,--,--,--,--,100
16,80,Attack,Vohbo,Еuropa Astra,NORTH STAR,NO,Swarm Cluster,--,SWARM CLUSTER,NO,NO,9643,0,15073,24716,--,--,--,--,--,--,--
16,81,Charging Weapons,Swarm Cluster,--,SWARM CLUSTER,NO,Swarm Cluster,--,SWARM CLUSTER,NO,--,--,--,--,--,--,--,--,--,--,--,100
16,82,Charging Weapons,Swarm Cluster,--,SWARM CLUSTER,NO,Swarm Cluster,--,SWARM CLUSTER,NO,--,--,--,--,--,--,--,--,--,--,--,36.36
17,84,Attack,Swarm Cluster,--,SWARM CLUSTER,NO,Vohbo,Еuropa Astra,NORTH STAR,NO,NO,257,1030,1478,2765,--,--,--,--,--,--,--
17,85,Attack,Vohbo,Еuropa Astra,NORTH STAR,NO,Swarm Cluster,--,SWARM CLUSTER,NO,NO,8568,0,13393,21961,--,--,--,--,--,--,--
17,86,Attack,Swarm Cluster,--,SWARM CLUSTER,NO,Vohbo,Еuropa Astra,NORTH STAR,NO,NO,242,968,1390,2600,--,--,--,--,--,--,--
17,87,Charging Weapons,Swarm Cluster,--,SWARM CLUSTER,NO,Swarm Cluster,--,SWARM CLUSTER,NO,--,--,--,--,--,--,--,--,--,--,--,45.45
18,89,Charging Weapons,Swarm Cluster,--,SWARM CLUSTER,NO,Swarm Cluster,--,SWARM CLUSTER,NO,--,--,--,--,--,--,--,--,--,--,--,100
18,90,Attack,Vohbo,Еuropa Astra,NORTH STAR,NO,Swarm Cluster,--,SWARM CLUSTER,NO,NO,8301,0,12975,21276,--,--,--,--,--,--,--
18,91,Charging Weapons,Swarm Cluster,--,SWARM CLUSTER,NO,Swarm Cluster,--,SWARM CLUSTER,NO,--,--,--,--,--,--,--,--,--,--,--,100
18,92,Charging Weapons,Swarm Cluster,--,SWARM CLUSTER,NO,Swarm Cluster,--,SWARM CLUSTER,NO,--,--,--,--,--,--,--,--,--,--,--,54.54
19,94,Attack,Swarm Cluster,--,SWARM CLUSTER,NO,Vohbo,Еuropa Astra,NORTH STAR,NO,NO,257,1030,1478,2765,--,--,--,--,--,--,--
19,95,Attack,Vohbo,Еuropa Astra,NORTH STAR,NO,Swarm Cluster,--,SWARM CLUSTER,NO,NO,9486,0,14828,24314,--,--,--,--,--,--,--
19,96,Attack,Swarm Cluster,--,SWARM CLUSTER,NO,Vohbo,Еuropa Astra,NORTH STAR,NO,NO,276,1103,1584,2963,--,--,--,--,--,--,--
19,97,Charging Weapons,Swarm Cluster,--,SWARM CLUSTER,NO,Swarm Cluster,--,SWARM CLUSTER,NO,--,--,--,--,--,--,--,--,--,--,--,63.63
20,99,Charging Weapons,Swarm Cluster,--,SWARM CLUSTER,NO,Swarm Cluster,--,SWARM CLUSTER,NO,--,--,--,--,--,--,--,--,--,--,--,100
20,100,Attack,Vohbo,Еuropa Astra,NORTH STAR,NO,Swarm Cluster,--,SWARM CLUSTER,NO,NO,8978,0,14034,23012,--,--,--,--,--,--,--
20,101,Charging Weapons,Swarm Cluster,--,SWARM CLUSTER,NO,Swarm Cluster,--,SWARM CLUSTER,NO,--,--,--,--,--,--,--,--,--,--,--,100
20,102,Charging Weapons,Swarm Cluster,--,SWARM CLUSTER,NO,Swarm Cluster,--,SWARM CLUSTER,NO,--,--,--,--,--,--,--,--,--,--,--,72.72
21,104,Attack,Swarm Cluster,--,SWARM CLUSTER,NO,Vohbo,Еuropa Astra,NORTH STAR,NO,NO,272,1087,1561,2920,--,--,--,--,--,--,--
21,105,Attack,Vohbo,Еuropa Astra,NORTH STAR,NO,Swarm Cluster,--,SWARM CLUSTER,NO,NO,9209,0,14395,23604,--,--,--,--,--,--,--
21,106,Attack,Swarm Cluster,--,SWARM CLUSTER,NO,Vohbo,Еuropa Astra,NORTH STAR,NO,NO,267,1067,1532,2866,--,--,--,--,--,--,--
21,107,Charging Weapons,Swarm Cluster,--,SWARM CLUSTER,NO,Swarm Cluster,--,SWARM CLUSTER,NO,--,--,--,--,--,--,--,--,--,--,--,81.81
22,109,Charging Weapons,Swarm Cluster,--,SWARM CLUSTER,NO,Swarm Cluster,--,SWARM CLUSTER,NO,--,--,--,--,--,--,--,--,--,--,--,100
22,110,Attack,Vohbo,Еuropa Astra,NORTH STAR,NO,Swarm Cluster,--,SWARM CLUSTER,NO,YES,13279,0,20756,34035,--,--,--,--,--,--,--
22,111,Combatant Destroyed,Swarm Cluster,--,SWARM CLUSTER,NO,Vohbo,Еuropa Astra,SWARM CLUSTER,NO,--,--,--,--,--,--,--,--,--,--,YES,--

